📊 BTCUSDT 4H + Fear & Greed Index | 4H Updates
4h BTC/USDT OHLC data with daily Crypto Fear & Greed Index from 2020-03-25

📊 BTCUSDT 4H + Fear & Greed Index | 4H Updates

About Dataset
This dataset contains 4-hour interval OHLC data for the BTC/USDT trading pair, combined with the 🧠 Crypto Fear & Greed Index (FGI) on a daily basis, starting from 📅 March 25, 2020.

GitHub⭐

Perfect for 📈 time series analysis, 🧪 backtesting trading strategies, and exploring how market sentiment affects Bitcoin price movement.

📁 Contents:
⏰ timestamp: Datetime of each 4-hour candle (UTC)

🟢 open: Price at the start of the interval

🔴 close: Price at the end of the interval

🔼 high: Highest price during the interval

🔽 low: Lowest price during the interval

😨 Fear & Greed Index: Daily sentiment score (0–100)

📉 Fear & Greed Classification: Sentiment label (e.g., Extreme Fear, Greed)

🔗 Sources:
📡 OHLC data: From CoinGecko API

🧠 Fear & Greed Index: From Alternative.me API

Use this dataset to:

📊 Analyze historical BTC/USDT price trends

🧠 Correlate market sentiment with price action

🤖 Train sentiment-aware models or trading bots

🧩 Build crypto dashboards and visualizations


View more
Usability
10.00

License
CC0: Public Domain

Expected update frequency
Hourly

Tags
Finance
Investing
Currencies and Foreign Exchange
Intermediate
History
btc_with_fgi_4h.csv(747.57 kB)

7 of 7 columns

About this file

Suggest Edits
This CSV file contains combined data for Bitcoin (BTC/USDT) 4-hour candlesticks and the Crypto Fear & Greed Index (FGI), allowing you to analyze how sentiment influences the market in short-to-mid timeframes.

The data covers the period starting from 📅 2020-03-25 and continues forward on a rolling basis.


timestamp
The start time of the 4-hour OHLC candle in UTC.


open
BTC/USDT price at the beginning of the 4-hour interval.


close
BTC/USDT price at the end of the 4-hour interval.


high
The highest BTC/USDT price during the 4-hour interval.


low
The lowest BTC/USDT price during the 4-hour interval.


Fear & Greed Index
Daily score (0–100) representing crypto market sentiment.


Fear & Greed Classification
Text label for sentiment (e.g., Extreme Fear, Fear, Neutral, Greed).

DateTime	Count
03/25/2020 - 06/28/2020	573
06/28/2020 - 10/02/2020	573
10/02/2020 - 01/05/2021	573
01/05/2021 - 04/11/2021	572
04/11/2021 - 07/15/2021	573
07/15/2021 - 10/19/2021	573
10/19/2021 - 01/22/2022	573
01/22/2022 - 04/28/2022	572
04/28/2022 - 08/01/2022	573
08/01/2022 - 11/04/2022	573
11/04/2022 - 02/08/2023	573
02/08/2023 - 05/14/2023	572
05/14/2023 - 08/18/2023	573
08/18/2023 - 11/21/2023	573
11/21/2023 - 02/25/2024	573
02/25/2024 - 05/30/2024	572
05/30/2024 - 09/03/2024	573
09/03/2024 - 12/07/2024	573
12/07/2024 - 03/13/2025	573
03/13/2025 - 06/16/2025	573
2020-03-25
2025-06-16
Label	Count
5873.00 - 11158.30	991
11158.30 - 16443.60	461
16443.60 - 21728.90	1,303
21728.90 - 27014.20	1,026
27014.20 - 32299.50	1,211
32299.50 - 37584.80	701
37584.80 - 42870.10	937
42870.10 - 48155.40	819
48155.40 - 53440.70	429
53440.70 - 58726.00	606
58726.00 - 64011.30	801
64011.30 - 69296.60	643
69296.60 - 74581.90	197
74581.90 - 79867.20	48
79867.20 - 85152.50	212
85152.50 - 90437.80	125
90437.80 - 95723.10	238
95723.10 - 101008.40	333
101008.40 - 106293.70	287
106293.70 - 111579.00	88
5.87k
112k
Label	Count
5873.00 - 11157.35	990
11157.35 - 16441.70	461
16441.70 - 21726.05	1,302
21726.05 - 27010.40	1,025
27010.40 - 32294.75	1,213
32294.75 - 37579.10	700
37579.10 - 42863.45	938
42863.45 - 48147.80	816
48147.80 - 53432.15	432
53432.15 - 58716.50	606
58716.50 - 64000.85	800
64000.85 - 69285.20	642
69285.20 - 74569.55	199
74569.55 - 79853.90	47
79853.90 - 85138.25	210
85138.25 - 90422.60	128
90422.60 - 95706.95	238
95706.95 - 100991.30	332
100991.30 - 106275.65	287
106275.65 - 111560.00	90
5.87k
112k
Label	Count
5950.00 - 11243.20	989
11243.20 - 16536.40	455
16536.40 - 21829.60	1,298
21829.60 - 27122.80	1,015
27122.80 - 32416.00	1,207
32416.00 - 37709.20	673
37709.20 - 43002.40	951
43002.40 - 48295.60	804
48295.60 - 53588.80	475
53588.80 - 58882.00	566
58882.00 - 64175.20	789
64175.20 - 69468.40	676
69468.40 - 74761.60	223
74761.60 - 80054.80	41
80054.80 - 85348.00	200
85348.00 - 90641.20	129
90641.20 - 95934.40	221
95934.40 - 101227.60	355
101227.60 - 106520.80	289
106520.80 - 111814.00	100
5.95k
112k
Label	Count
5841.50 - 11113.77	997
11113.77 - 16386.05	466
16386.05 - 21658.32	1,316
21658.32 - 26930.60	1,041
26930.60 - 32202.88	1,206
32202.88 - 37475.15	724
37475.15 - 42747.42	954
42747.42 - 48019.70	800
48019.70 - 53291.97	404
53291.97 - 58564.25	637
58564.25 - 63836.52	799
63836.52 - 69108.80	619
69108.80 - 74381.07	162
74381.07 - 79653.35	57
79653.35 - 84925.62	217
84925.62 - 90197.90	122
90197.90 - 95470.17	268
95470.17 - 100742.45	313
100742.45 - 106014.72	276
106014.72 - 111287.00	78
5.84k
111k
Label	Count
6.00 - 10.45	162
10.45 - 14.90	346
14.90 - 19.35	246
19.35 - 23.80	852
23.80 - 28.25	1,116
28.25 - 32.70	552
32.70 - 37.15	312
37.15 - 41.60	576
41.60 - 46.05	576
46.05 - 50.50	924
50.50 - 54.95	768
54.95 - 59.40	468
59.40 - 63.85	490
63.85 - 68.30	594
68.30 - 72.75	966
72.75 - 77.20	1,248
77.20 - 81.65	498
81.65 - 86.10	258
86.10 - 90.55	144
90.55 - 95.00	354
6
95
Greed
30%
Fear
24%
Other (5278)
46%
2025-06-16 12:00:00
107059.0
106906.0
107194.0
106641.0
61.0
Greed
2025-06-16 08:00:00
105909.0
107077.0
107113.0
105903.0
61.0
Greed
2025-06-16 04:00:00
105564.0
105892.0
105954.0
105110.0
61.0
Greed
2025-06-16 00:00:00
105285.0
105554.0
105591.0
104627.0
61.0
Greed
2025-06-15 20:00:00
105582.0
105268.0
105755.0
105223.0
60.0
Greed
2025-06-15 16:00:00
105007.0
105654.0
105747.0
105000.0
60.0
Greed
2025-06-15 12:00:00
105467.0
105032.0
105467.0
104929.0
60.0
Greed
2025-06-15 08:00:00
105530.0
105458.0
106032.0
105330.0
60.0
Greed
2025-06-15 04:00:00
105459.0
105541.0
105647.0
105421.0
60.0
Greed
2025-06-15 00:00:00
104762.0
105483.0
105513.0
104412.0
60.0
Greed
2025-06-14 20:00:00
104841.0
104843.0
105015.0
104461.0
63.0
Greed
2025-06-14 16:00:00
105137.0
104851.0
105137.0
104785.0
63.0
Greed
2025-06-14 12:00:00
105107.0
105074.0
105123.0
104922.0
63.0
Greed
2025-06-14 08:00:00
105293.0
105104.0
105405.0
104952.0
63.0
Greed
2025-06-14 04:00:00
106069.0
105302.0
106069.0
105302.0
63.0
Greed
2025-06-14 00:00:00
105142.0
106046.0
106060.0
105142.0
63.0
Greed
2025-06-13 20:00:00
105519.0
105170.0
105918.0
104822.0
61.0
Greed
2025-06-13 16:00:00
105017.0
105660.0
105690.0
104309.0
61.0
Greed
2025-06-13 12:00:00
104917.0
104963.0
105362.0
104651.0
61.0
Greed
2025-06-13 08:00:00
104335.0
104847.0
104847.0
103939.0
61.0
Greed
2025-06-13 04:00:00
105898.0
104304.0
105898.0
103081.0
61.0
Greed
2025-06-13 00:00:00
106847.0
105979.0
106892.0
105880.0
61.0
Greed
2025-06-12 20:00:00
107049.0
106987.0
108369.0
106987.0
71.0
Greed
2025-06-12 16:00:00
107016.0
107102.0
107746.0
106821.0
71.0
Greed
2025-06-12 12:00:00
107626.0
107070.0
107838.0
107052.0
71.0
Greed
2025-06-12 08:00:00
107913.0
107590.0
107943.0
107567.0
71.0
Greed
2025-06-12 04:00:00
108687.0
107937.0
108748.0
107851.0
71.0
Greed
2025-06-12 00:00:00
108732.0
108680.0
109134.0
108244.0
71.0
Greed
2025-06-11 20:00:00
109778.0
108697.0
109778.0
108574.0
72.0
Greed
2025-06-11 16:00:00
109246.0
109842.0
110269.0
109117.0
72.0
Greed
2025-06-11 12:00:00
109470.0
109226.0
109602.0
109226.0
72.0
Greed
2025-06-11 08:00:00
109671.0
109510.0
109709.0
109434.0
72.0
Greed
2025-06-11 04:00:00
110237.0
109714.0
110237.0
109608.0
72.0
Greed
2025-06-11 00:00:00
109548.0
110213.0
110213.0
109378.0
72.0
Greed
2025-06-10 20:00:00
109000.0
109562.0
110164.0
108663.0
71.0
Greed
2025-06-10 16:00:00
109607.0
108908.0
109802.0
108633.0
71.0
Greed
2025-06-10 12:00:00
109301.0
109649.0
109793.0
109121.0
71.0
Greed
2025-06-10 08:00:00
109577.0
109250.0
109641.0
109215.0
71.0
Greed
2025-06-10 04:00:00
110266.0
109566.0
110282.0
109460.0
71.0
Greed
2025-06-10 00:00:00
108540.0
110262.0
110277.0
108540.0
71.0
Greed
2025-06-09 20:00:00
107773.0
108552.0
108677.0
107773.0
62.0
Greed
2025-06-09 16:00:00
107702.0
107856.0
107950.0
107115.0
62.0
Greed
2025-06-09 12:00:00
105624.0
107646.0
107658.0
105617.0
62.0
Greed
2025-06-09 08:00:00
105651.0
105603.0
105706.0
105432.0
62.0
Greed
2025-06-09 04:00:00
105724.0
105622.0
105816.0
105426.0
62.0
Greed
2025-06-09 00:00:00
106308.0
105692.0
106352.0
105675.0
62.0
Greed
2025-06-08 20:00:00
106003.0
106305.0
106365.0
106003.0
62.0
Greed
2025-06-08 16:00:00
105679.0
106003.0
106023.0
105615.0
62.0
Greed
2025-06-08 12:00:00
105471.0
105662.0
105662.0
105112.0
62.0
Greed
2025-06-08 08:00:00
105513.0
105474.0
105628.0
105474.0
62.0
Greed
2025-06-08 04:00:00
105665.0
105512.0
105716.0
105447.0
62.0
Greed
2025-06-08 00:00:00
105740.0
105681.0
105891.0
105681.0
62.0
Greed
2025-06-07 20:00:00
105585.0
105728.0
105832.0
105427.0
52.0
Neutral
2025-06-07 16:00:00
105184.0
105569.0
105708.0
105184.0
52.0
Neutral
2025-06-07 12:00:00
104933.0
105189.0
105266.0
104836.0
52.0
Neutral
2025-06-07 08:00:00
104932.0
104947.0
105213.0
104763.0
52.0
Neutral
2025-06-07 04:00:00
104365.0
104913.0
104913.0
104210.0
52.0
Neutral
2025-06-07 00:00:00
104262.0
104410.0
104540.0
104262.0
52.0
Neutral
2025-06-06 20:00:00
105066.0
104271.0
105201.0
104271.0
45.0
Fear
2025-06-06 16:00:00
104004.0
105036.0
105058.0
103892.0
45.0
Fear
2025-06-06 12:00:00
103193.0
103978.0
103978.0
103193.0
45.0
Fear
2025-06-06 08:00:00
102506.0
103248.0
103341.0
102495.0
45.0
Fear
2025-06-06 04:00:00
101598.0
102493.0
102493.0
101379.0
45.0
Fear
2025-06-06 00:00:00
102237.0
101651.0
102237.0
100783.0
45.0
Fear
2025-06-05 20:00:00
104683.0
102320.0
104683.0
102320.0
57.0
Greed
2025-06-05 16:00:00
104850.0
104708.0
105888.0
104170.0
57.0
Greed
2025-06-05 12:00:00
104539.0
104849.0
104906.0
104539.0
57.0
Greed
2025-06-05 08:00:00
105006.0
104527.0
105222.0
104517.0
57.0
Greed
2025-06-05 04:00:00
104803.0
105000.0
105200.0
104803.0
57.0
Greed
2025-06-05 00:00:00
105047.0
104813.0
105047.0
104691.0
57.0
Greed
2025-06-04 20:00:00
105446.0
105059.0
105465.0
104969.0
62.0
Greed
2025-06-04 16:00:00
105281.0
105484.0
105484.0
104648.0
62.0
Greed
2025-06-04 12:00:00
105407.0
105295.0
105910.0
105293.0
62.0
Greed
2025-06-04 08:00:00
105641.0
105410.0
105641.0
105350.0
62.0
Greed
2025-06-04 04:00:00
105431.0
105655.0
105788.0
105344.0
62.0
Greed
2025-06-04 00:00:00
106277.0
105434.0
106277.0
105434.0
62.0
Greed
2025-06-03 20:00:00
106723.0
106291.0
106723.0
105781.0
64.0
Greed
2025-06-03 16:00:00
105311.0
106721.0
106807.0
105311.0
64.0
Greed
2025-06-03 12:00:00
105236.0
105291.0
105347.0
104982.0
64.0
Greed
2025-06-03 08:00:00
105560.0
105261.0
105560.0
105261.0
64.0
Greed
2025-06-03 04:00:00
105884.0
105582.0
106443.0
105567.0
64.0
Greed
2025-06-03 00:00:00
104387.0
105885.0
105885.0
104387.0
64.0
Greed
2025-06-02 20:00:00
104452.0
104350.0
104589.0
104148.0
64.0
Greed
2025-06-02 16:00:00
104112.0
104449.0
104449.0
103977.0
64.0
Greed
2025-06-02 12:00:00
105369.0
104147.0
105666.0
104147.0
64.0
Greed
2025-06-02 08:00:00
104916.0
105376.0
105381.0
104747.0
64.0
Greed
2025-06-02 04:00:00
105698.0
104960.0
105698.0
104880.0
64.0
Greed
2025-06-02 00:00:00
105139.0
105710.0
105804.0
105054.0
64.0
Greed
2025-06-01 20:00:00
104757.0
105131.0
105214.0
104657.0
56.0
Greed
2025-06-01 16:00:00
104134.0
104751.0
104763.0
103983.0
56.0
Greed
2025-06-01 12:00:00
104314.0
104129.0
104383.0
103939.0
56.0
Greed
2025-06-01 08:00:00
104415.0
104313.0
104724.0
104280.0
56.0
Greed
2025-06-01 04:00:00
104686.0
104408.0
104686.0
104108.0
56.0
Greed
2025-06-01 00:00:00
104761.0
104688.0
104896.0
104680.0
56.0
Greed
2025-05-31 20:00:00
104594.0
104755.0
104761.0
104448.0
50.0
Neutral
2025-05-31 16:00:00
103509.0
104632.0
104795.0
103509.0
50.0
Neutral
2025-05-31 12:00:00
103763.0
103503.0
103778.0
103398.0
50.0
Neutral
2025-05-31 08:00:00
103602.0
103766.0
103878.0
103602.0
50.0
Neutral
2025-05-31 04:00:00
104021.0
103568.0
104110.0
103296.0
50.0
Neutral
2025-05-31 00:00:00
104665.0
104011.0
104849.0
103954.0
50.0
Neutral
2025-05-30 20:00:00
105579.0
104675.0
105579.0
104053.0
60.0
Greed
2025-05-30 16:00:00
105907.0
105689.0
105926.0
105343.0
60.0
Greed
2025-05-30 12:00:00
105110.0
105879.0
105915.0
105042.0
60.0
Greed
2025-05-30 08:00:00
106084.0
105180.0
106224.0
105180.0
60.0
Greed
2025-05-30 04:00:00
105720.0
106102.0
106133.0
105319.0
60.0
Greed
2025-05-30 00:00:00
105796.0
105745.0
106377.0
105745.0
60.0
Greed
2025-05-29 20:00:00
107225.0
105815.0
107225.0
105815.0
74.0
Greed
2025-05-29 16:00:00
108776.0
107306.0
108776.0
106968.0
74.0
Greed
2025-05-29 12:00:00
107918.0
108781.0
108851.0
107896.0
74.0
Greed
2025-05-29 08:00:00
108079.0
107934.0
108079.0
107491.0
74.0
Greed
2025-05-29 04:00:00
107830.0
108083.0
108327.0
107640.0
74.0
Greed
2025-05-29 00:00:00
107225.0
107838.0
107975.0
107107.0
74.0
Greed
2025-05-28 20:00:00
107269.0
107263.0
107793.0
107263.0
71.0
Greed
2025-05-28 16:00:00
108891.0
107324.0
109057.0
107324.0
71.0
Greed
2025-05-28 12:00:00
108944.0
108845.0
109010.0
108568.0
71.0
Greed
2025-05-28 08:00:00
108884.0
108973.0
109040.0
108792.0
71.0
Greed
2025-05-28 04:00:00
109010.0
108888.0
109104.0
108616.0
71.0
Greed
2025-05-28 00:00:00
109889.0
109068.0
109889.0
108797.0
71.0
Greed
2025-05-27 20:00:00
110100.0
109898.0
110407.0
109702.0
74.0
Greed
2025-05-27 16:00:00
109553.0
110046.0
110376.0
109444.0
74.0
Greed
2025-05-27 12:00:00
109494.0
109545.0
109827.0
109494.0
74.0
Greed
2025-05-27 08:00:00
108943.0
109471.0
109471.0
108725.0
74.0
Greed
2025-05-27 04:00:00
109394.0
108955.0
109453.0
108292.0
74.0
Greed
2025-05-27 00:00:00
109058.0
109378.0
109535.0
109048.0
74.0
Greed
2025-05-26 20:00:00
110116.0
109035.0
110162.0
109001.0
73.0
Greed
2025-05-26 16:00:00
109774.0
110094.0
110161.0
109625.0
73.0
Greed
2025-05-26 12:00:00
110070.0
109760.0
110078.0
109684.0
73.0
Greed
2025-05-26 08:00:00
109640.0
110017.0
110017.0
109535.0
73.0
Greed
2025-05-26 04:00:00
108901.0
109650.0
109674.0
108901.0
73.0
Greed
2025-05-26 00:00:00
107722.0
108862.0
108990.0
107466.0
73.0
Greed
2025-05-25 20:00:00
107042.0
107699.0
107699.0
106802.0
74.0
Greed
2025-05-25 16:00:00
107230.0
107020.0
107647.0
107020.0
74.0
Greed
2025-05-25 12:00:00
107664.0
107192.0
107664.0
106954.0
74.0
Greed
2025-05-25 08:00:00
108185.0
107664.0
108250.0
107637.0
74.0
Greed
2025-05-25 04:00:00
107819.0
108202.0
108202.0
107471.0
74.0
Greed
2025-05-25 00:00:00
108942.0
107831.0
109071.0
107831.0
74.0
Greed
2025-05-24 20:00:00
108928.0
108906.0
109074.0
108799.0
66.0
Greed
2025-05-24 16:00:00
109293.0
108922.0
109293.0
108668.0
66.0
Greed
2025-05-24 12:00:00
107864.0
109310.0
109401.0
107804.0
66.0
Greed
2025-05-24 08:00:00
108306.0
107982.0
108536.0
107892.0
66.0
Greed
2025-05-24 04:00:00
107156.0
108238.0
108238.0
107156.0
66.0
Greed
2025-05-24 00:00:00
108682.0
107217.0
108682.0
107217.0
66.0
Greed
2025-05-23 20:00:00
109232.0
108850.0
109603.0
108578.0
78.0
Extreme Greed
2025-05-23 16:00:00
109897.0
109424.0
109897.0
108334.0
78.0
Extreme Greed
2025-05-23 12:00:00
110708.0
110221.0
111253.0
110221.0
78.0
Extreme Greed
2025-05-23 08:00:00
111147.0
110686.0
111148.0
110499.0
78.0
Extreme Greed
2025-05-23 04:00:00
111579.0
111151.0
111654.0
111151.0
78.0
Extreme Greed
2025-05-23 00:00:00
111245.0
111560.0
111560.0
110878.0
78.0
Extreme Greed
2025-05-22 20:00:00
111310.0
111351.0
111814.0
111287.0
72.0
Greed
2025-05-22 16:00:00
110897.0
111336.0
111451.0
110835.0
72.0
Greed
